"subreddit","count","perc_all"
"funny",1685396,0.0448704625222792
"AskReddit",1339264,0.0356553564381533
"AdviceAnimals",1337012,0.035595401221931
"POLITIC",961077,0.0255868469543802
"pics",944431,0.0251436788685737
"aww",655209,0.0174436932796566
"trees",633403,0.0168631500092555
"gaming",590798,0.0157288729279276
"videos",472622,0.0125826617235384
"Music",448888,0.0119507891205989
"WTF",366854,0.00976678991652301
"leagueoflegends",351901,0.00936869473527443
"politics",325680,0.0086706104881321
"fffffffuuuuuuuuuuuu",325533,0.00866669689275702
"reportthespammers",290676,0.00773869557310331
"atheism",285636,0.00760451516024349
"circlejerk",227738,0.00606309104441854
"buildapc",201371,0.00536111982499892
"Dota2Trade",194137,0.00516852833558862
"Minecraft",187322,0.00498709192415218
"ModerationLog",180751,0.00481215154857641
"tf2trade",169217,0.00450508073867063
"todayilearned",155084,0.00412881649760955
"worldnews",129401,0.00344505547707806
"pokemon",128187,0.00341273503636143
"SteamGameSwap",115910,0.00308588326479794
"starcraft",113125,0.00301173793745377
"mylittlepony",112521,0.00299565758638882
"gonewild",109636,0.00291884994926569
"news",105900,0.00281938605592357
"movies",104573,0.00278405720515671
"techsupport",103462,0.00275447894351242
"tipofmytongue",98524,0.00262301408662714
"cats",92599,0.00246527223222348
"NoFap",91835,0.00244493218551219
"DotA2",88582,0.00235832724840247
"gifs",85610,0.00227920340177164
"technology",84529,0.00225042383306104
"conspiracy",82463,0.00219542051302763
"askscience",81234,0.00216270072584415
"explainlikeimfive",81055,0.0021579351913398
"fantasyfootball",79784,0.00212409723404916
"mildlyinteresting",79553,0.00211794729845976
"skyrim",77774,0.00207058480749197
"malefashionadvice",77236,0.00205626158088114
"Random_Acts_Of_Amazon",76217,0.00202913264423349
"Guildwars2",71715,0.00190927545798451
"listentothis",70664,0.00188129458220759
"RedditLaqueristas",70647,0.00188084198954516
"Fitness",69483,0.00184985270371801
"RisingThreads",69216,0.00184274433660818
"hiphopheads",68943,0.0018354762309116
"firstworldproblems",67652,0.00180110581166517
"magicTCG",67134,0.00178731504701013
"tf2",66449,0.00176907822502423
"itookapicture",65022,0.0017310870644784
"nba",62449,0.00166258583386564
"reactiongifs",61721,0.00164320421867478
"nsfw",60935,0.00162227846381212
"wow",59960,0.00159632094346721
"MakeupAddiction",59304,0.0015788561913172
"Diablo",58788,0.00156511867285774
"Android",58230,0.00155026298429112
"battlefield3",57937,0.00154246241663875
"guns",57862,0.00154046568430453
"Libertarian",56998,0.00151746332781428
"LadyBoners",56619,0.001507373173752
"soccer",56161,0.00149517979496434
"Metal",55002,0.00146432362462614
"motorcycles",54755,0.0014577477194721
"sex",54480,0.00145042636757995
"MLPLounge",51625,0.00137441742339051
"bicycling",51002,0.00135783123346756
"keto",50615,0.00134752809462296
"comics",50609,0.00134736835603622
"nfl",49384,0.00131475506124391
"electronic_cigarette",49214,0.00131022913461967
"dayz",47385,0.0012615354887624
"atheismbot",47160,0.00125554529175973
"cringepics",46884,0.00124819731676979
"TwoXChromosomes",46628,0.00124138180373564
"teenagers",46402,0.00123536498363518
"SquaredCircle",45329,0.00120679839970689
"electronicmusic",45034,0.00119894458585894
"Games",44203,0.00117682079159575
"offmychest",43733,0.00116430793563461
"Christianity",43392,0.00115522945928834
"doctorwho",43385,0.00115504309760382
"cringe",43207,0.00115030418619726
"Conservative",43186,0.00114974510114368
"hockey",42634,0.00113504915116379
"gentlemanboners",42501,0.00113150827915777
"darksouls",42253,0.00112490575090594
"breakingbad",42014,0.00111854283053421
"Bitcoin",41477,0.00110424622702117
"BabyBumps",41160,0.00109580670502185
"ImGoingToHellForThis",40811,0.00108651524389327
"depression",40278,0.00107232513277139
"food",40194,0.00107008879255705
"runescape",40170,0.0010694498382101
"india",40040,0.00106598883549745
"Guitar",39728,0.00105768242898708
"cars",39672,0.00105619153551086
"worldpolitics",39042,0.00103941898390338
"halo",38252,0.00101838673664956
"KerbalSpaceProgram",38161,0.0010159640347507
"loseit",37605,0.00100116159237966
"comicbooks",37565,0.00100009666846807
"IAmA",37204,0.000990485730166012
"relationships",37148,0.000988994836689792
"AskHistorians",36278,0.000965832741612799
"Drugs",36244,0.000964927556287951
"longboarding",35415,0.000942857008220334
"canada",35263,0.000938810297356308
"webcomics",35056,0.000933299316113851
"r4r",34974,0.0009311162220951
"jailbreak",34489,0.000918204019667121
"MensRights",34188,0.000910190467232438
"baseball",33597,0.000894456216438757
"anime",33495,0.000891740660464213
"australia",33360,0.00088814654226261
"HITsWorthTurkingFor",33322,0.000887134864546604
"picrequests",33105,0.00088135765232625
"yugioh",33093,0.000881038175152775
"tipofmypenis",33080,0.000880692074881509
"relationship_advice",32834,0.000874142792825256
"Planetside",32800,0.000873237607500408
"science",32748,0.000871853206415347
"lgbt",32448,0.000863866277078453
"learnprogramming",32403,0.000862668237677918
"firstworldanarchists",32351,0.000861283836592857
"masseffect",32203,0.000857343618119989
"ffxiv",31867,0.000848398257262668
"dirtypenpals",31631,0.000842115206184311
"CFB",31513,0.000838973680645133
"mindcrack",31424,0.000836604224941854
"travel",30902,0.000822706967895659
"environment",30667,0.000816450539915092
"nsfw_videos",30636,0.000815625223883613
"space",30567,0.000813788230136127
"cigars",30251,0.000805375331234599
"AnythingGoesNews",30150,0.000802686398357845
"nocontext",30000,0.000798692933689398
"OkCupid",29945,0.000797228663310967
"books",29809,0.000793607922011575
"Jokes",29679,0.000790146919298921
"apple",29543,0.000786526177999529
"FoodPorn",29517,0.000785833977456998
"woahdude",29270,0.000779258072302956
"StarWars",29089,0.00077443929160303
"iphone",29003,0.00077214970519312
"Homebrewing",28868,0.000768555586991518
"secretsanta",28823,0.000767357547590984
"MLPLite",28771,0.000765973146505922
"gameofthrones",28765,0.000765813407919184
"tattoos",28641,0.000762512143793268
"Poetry",28591,0.000761180988903786
"summonerschool",28333,0.000754312229674057
"batman",27959,0.000744355191100729
"conspiro",27862,0.000741772750615133
"memes",27639,0.000735835799808042
"4chan",27585,0.000734398152527401
"MMA",27143,0.000722630743304377
"photography",27102,0.000721539196295002
"unitedkingdom",26974,0.000718131439777927
"sysadmin",26732,0.000711688650112833
"casualiama",26689,0.000710543856907878
"blackops2",26256,0.000699016055564961
"evolutionReddit",26250,0.000698856316978223
"GifSound",26040,0.000693265466442397
"offbeat",25957,0.000691055749325857
"nosleep",25886,0.000689165509382792
"swtor",25767,0.000685997360745824
"running",25762,0.000685864245256875
"MURICA",25613,0.000681897403686218
"MineZ",25248,0.000672179972992997
"Aquariums",25183,0.00067044947163667
"self",24933,0.000663793697189258
"Eve",24917,0.000663367727624624
"ragecomics",24905,0.000663048250451148
"facepalm",24860,0.000661850211050614
"WeAreTheMusicMakers",24619,0.000655434044483309
"community",24563,0.000653943151007089
"personalfinance",24455,0.000651067856445807
"GetMotivated",24276,0.000646302321941461
"Art",24205,0.000644412081998396
"TrueReddit",24197,0.000644199097216079
"AndroidQuestions",24103,0.000641696526023852
"diablo3",24033,0.000639832909178577
"GiftofGames",23831,0.000634455043425068
"DIY",23825,0.00063429530483833
"ladybonersgw",23713,0.00063131351788589
"harrypotter",23547,0.000626894083652808
"TheSimpsons",23431,0.000623805804309209
"Borderlands",23222,0.000618241576871173
"Fallout",23221,0.000618214953773383
"formula1",23140,0.000616058482852422
"EarthPorn",23136,0.000615951990461264
"Steam",22881,0.000609163100524904
"britishproblems",22732,0.000605196258954246
"vinyl",22725,0.000605009897269719
"AskWomen",22709,0.000604583927705084
"drunk",22695,0.000604211204336029
"zelda",22511,0.000599312554342734
"shittyaskscience",22508,0.000599232685049365
"TheLastAirbender",22495,0.0005988865847781
"ronpaul",22420,0.000596889852443877
"awwnime",22339,0.000594733381522915
"applehelp",22293,0.000593508719024591
"chicago",22256,0.000592523664406375
"golf",22145,0.000589568500551724
"gardening",21791,0.000580143923934189
"TechNewsToday",21763,0.000579398477196079
"wicked_edge",21698,0.000577667975839752
"Health",21592,0.000574845927474049
"gamecollecting",21341,0.000568163529928848
"Braveryjerk",21332,0.000567923922048741
"toronto",21282,0.000566592767159259
"treemusic",21197,0.000564329803847139
"RealGirls",21159,0.000563318126131132
"pokemontrades",21143,0.000562892156566498
"gaybros",21138,0.00056275904107755
"nostalgia",21113,0.000562093463632809
"Sneakers",21037,0.000560070108200795
"adventuretime",21018,0.000559564269342792
"writing",20991,0.000558845445702472
"futurebeats",20962,0.000558073375866572
"skateboarding",20947,0.000557674029399727
"thewalkingdead",20764,0.000552802002504222
"AnarchistNews",20365,0.000542179386486153
"mazaodds",20353,0.000541859909312677
"Filmmakers",20328,0.000541194331867936
"bestof",20274,0.000539756684587295
"RandomActsOfPolish",20188,0.000537467098177385
"Seattle",20177,0.000537174244101699
"startrek",20105,0.000535257381060845
"Borderlands2",20047,0.000533713241389045
"Images",20025,0.000533127533237673
"windowsphone",19962,0.000531450278076925
"fitnesscirclejerk",19921,0.00053035873106755
"dubstep",19838,0.000528149013951009
"rpg",19699,0.000524448403358248
"whatsthisbug",19454,0.000517925744399785
"asoiaf",19451,0.000517845875106416
"mexico",19427,0.000517206920759464
"DoesAnybodyElse",19385,0.000516088750652299
"Parenting",19383,0.00051603550445672
"Israel",19371,0.000515716027283244
"programming",19332,0.000514677726469448
"civ",19262,0.000512814109624173
"GoneWildPlus",19182,0.000510684261801001
"LifeProTips",19164,0.000510205046040787
"nyc",19056,0.000507329751479505
"LucidDreaming",18986,0.00050546613463423
"fringediscussion",18974,0.000505146657460754
"airsoft",18967,0.000504960295776227
"ass",18761,0.00049947593763156
"WorldofTanks",18760,0.00049944931453377
"Civcraft",18632,0.000496041558016695
"dogs",18588,0.000494870141713951
"vita",18573,0.000494470795247106
"Frisson",18555,0.000493991579486893
"SimCity",18526,0.000493219509650993
"gaymers",18457,0.000491382515903507
"beerporn",18411,0.000490157853405183
"islam",18356,0.000488693583026753
"occupywallstreet",18287,0.000486856589279267
"SuggestALaptop",18202,0.000484593625967147
"exmormon",18201,0.000484567002869358
"Etsy",18023,0.000479828091462801
"Smite",18004,0.000479322252604797
"Boobies",17935,0.000477485258857312
"sports",17926,0.000477245650977205
"Naruto",17849,0.000475195672447402
"LosAngeles",17691,0.000470989222996638
"SuicideWatch",17669,0.000470403514845266
"penis",17539,0.000466942512132612
"ACTrade",17449,0.000464546433331543
"AskMen",17438,0.000464253579255857
"GrandTheftAutoV",17438,0.000464253579255857
"ireland",17436,0.000464200333060278
"Portland",17334,0.000461484777085734
"gonewildcurvy",17310,0.000460845822738783
"minecraftsuggestions",17279,0.000460020506707303
"punk",17126,0.000455947172745488
"Economics",17104,0.000455361464594115
"jobs",16987,0.000452246562152727
"Celebs",16949,0.00045123488443672
"beer",16948,0.00045120826133893
"wallpapers",16912,0.000450249829818503
"subaru",16908,0.000450143337427345
"f7u12_ham",16878,0.000449344644493655
"letsplay",16856,0.000448758936342283
"NSFW_GIF",16854,0.000448705690146704
"Anarchism",16840,0.000448332966777649
"seduction",16786,0.000446895319497008
"dogpictures",16711,0.000444898587162784
"europe",16683,0.000444153140424674
"snowboarding",16671,0.000443833663251198
"Austin",16603,0.000442023292601502
"feedthebeast",16601,0.000441970046405923
"webdev",16572,0.000441197976570023
"photocritique",16503,0.000439360982822538
"ShitRedditSays",16492,0.000439068128746852
"IndieGaming",16489,0.000438988259453483
"Gunners",16480,0.000438748651573376
"boston",16432,0.000437470742879473
"trance",16399,0.000436592180652414
"AnimalCrossing",16343,0.000435101287176194
"PS3",16308,0.000434169478753557
"boardgames",16224,0.000431933138539226
"gamedev",16219,0.000431800023050278
"fantasybaseball",16209,0.000431533792072382
"asmr",16165,0.000430362375769637
"Random_Acts_Of_Pizza",15963,0.000424984510016129
"linux",15942,0.000424425424962546
"KarmaConspiracy",15882,0.000422828039095167
"gameswap",15874,0.00042261505431285
"photoshopbattles",15765,0.000419713136653779
"gamegrumps",15709,0.000418222243177558
"drums",15667,0.000417104073070393
"sweden",15547,0.000413909301335636
"geek",15525,0.000413323593184263
"amiugly",15507,0.00041284437742405
"Military",15501,0.000412684638837312
"web_design",15490,0.000412391784761626
"buildapcforme",15480,0.000412125553783729
"investing",15446,0.000411220368458881
"pathofexile",15424,0.000410634660307509
"sixwordstories",15358,0.000408877535853392
"Fishing",15105,0.000402141892112612
"mw3",15105,0.000402141892112612
"HistoryPorn",15070,0.000401210083689974
"Frugal",15032,0.000400198405973968
"Cooking",15017,0.000399799059507123
"gamemusic",15002,0.000399399713040278
"discgolf",14897,0.000396604287772365
"forhire",14786,0.000393649123917715
"aviation",14779,0.000393462762233187
"Anarcho_Capitalism",14760,0.000392956923375184
"DnB",14690,0.000391093306529908
"electrohouse",14553,0.000387445942132727
"stopsmoking",14504,0.000386141410341034
"dating_advice",14393,0.000383186246486383
"PoliticalHumor",14378,0.000382786900019539
"ainbow",14378,0.000382786900019539
"CityPorn",14295,0.000380577182902998
"carporn",14279,0.000380151213338364
"beards",14271,0.000379938228556047
"GlobalOffensive",14259,0.000379618751382571
"DnD",14253,0.000379459012795833
"3DS",14250,0.000379379143502464
"Paleo",14224,0.000378686942959933
"legaladvice",14221,0.000378607073666564
"knives",14199,0.000378021365515192
"totalwar",14180,0.000377515526657189
"battlestations",14136,0.000376344110354444
"curvy",14110,0.000375651909811913
"cosplay",14072,0.000374640232095907
"MechanicalKeyboards",14000,0.000372723369055052
"amazondeals",13983,0.000372270776392628
"Bad_Cop_No_Donut",13978,0.00037213766090368
"microgrowery",13969,0.000371898053023573
"PoliticalDiscussion",13931,0.000370886375307567
"mcservers",13864,0.00036910262775566
"MLS",13840,0.000368463673408709
"SubredditDrama",13826,0.000368090950039654
"lego",13743,0.000365881232923113
"HomeworkHelp",13729,0.000365508509554058
"Judaism",13652,0.000363458531024255
"Autos",13642,0.000363192300046359
"youtubehaiku",13551,0.000360769598147501
"CrazyIdeas",13490,0.000359145589182333
"Documentaries",13475,0.000358746242715488
"classicalmusic",13474,0.000358719619617698
"drawing",13465,0.000358480011737591
"GunsAreCool",13461,0.000358373519346433
"actuallesbians",13452,0.000358133911466326
"progressive",13352,0.000355471601687361
"corgi",13309,0.000354326808482406
"C25K",13289,0.000353794346526614
"math",13214,0.00035179761419239
"LiverpoolFC",13197,0.000351345021529966
"mildlyinfuriating",13189,0.000351132036747649
"Warhammer",13161,0.000350386590009539
"football",13142,0.000349880751151536
"Jeep",13140,0.000349827504955956
"SteamTradingCards",13140,0.000349827504955956
"ForeverAlone",13099,0.000348735957946581
"feet",13042,0.000347218441372571
"Psychonaut",13014,0.000346472994634461
"TeamRedditTeams",12906,0.000343597700073179
"roosterteeth",12888,0.000343118484312965
"climbing",12859,0.000342346414477066
"disney",12829,0.000341547721543376
"MTB",12811,0.000341068505783162
"magicskyfairy",12800,0.000340775651707476
"Anxiety",12737,0.000339098396546729
"vegan",12717,0.000338565934590936
"cheatatmathhomework",12712,0.000338432819101987
"Hardwarenews",12693,0.000337926980243984
"horror",12666,0.000337208156603664
"newreddits",12652,0.000336835433234609
"FancyFollicles",12624,0.000336089986496499
"vancouver",12624,0.000336089986496499
"freexxxvideos",12570,0.000334652339215858
"Rabbits",12561,0.000334412731335751
"AbandonedPorn",12551,0.000334146500357854
"hookah",12460,0.000331723798458997
"LongDistance",12431,0.000330951728623097
"catpictures",12402,0.000330179658787197
"history",12360,0.000329061488680032
"Entrepreneur",12332,0.000328316041941922
"japan",12313,0.000327810203083918
"socialism",12304,0.000327570595203812
"Watches",12295,0.000327330987323705
"GameDeals",12278,0.000326878394661281
"kpop",12261,0.000326425801998857
"longtail",12199,0.000324775169935899
"Atlanta",12124,0.000322778437601675
"bodybuilding",12096,0.000322032990863565
"BreakUps",12083,0.0003216868905923
"Denver",12074,0.000321447282712193
"AnythingGoesPics",12029,0.000320249243311659
"hcfactions",12015,0.000319876519942604
"religion",11999,0.000319450550377969
"Bass",11991,0.000319237565595652
"dwarffortress",11988,0.000319157696302283
"homestuck",11976,0.000318838219128808
"EndlessWar",11974,0.000318784972933228
"Assistance",11960,0.000318412249564173
"pitbulls",11946,0.000318039526195118
"Scholar",11868,0.000315962924567526
"screenshots",11862,0.000315803185980788
"assassinscreed",11859,0.000315723316687419
"neopets",11844,0.000315323970220574
"opiates",11821,0.000314711638971412
"CollegeBasketball",11785,0.000313753207450985
"OnePiece",11785,0.000313753207450985
"nottheonion",11783,0.000313699961255406
"OldSchoolCool",11780,0.000313620091962037
"2007scape",11761,0.000313114253104034
"chelseafc",11758,0.000313034383810665
"minerapocalypse",11660,0.000310425320227279
"washingtondc",11625,0.000309493511804642
"bindingofisaac",11606,0.000308987672946638
"Metalcore",11576,0.000308188980012949
"houston",11576,0.000308188980012949
"femalefashionadvice",11557,0.000307683141154946
"economy",11544,0.00030733704088368
"Pareidolia",11532,0.000307017563710204
"newzealand",11529,0.000306937694416836
"nexus4",11506,0.000306325363167674
"Republican",11448,0.000304781223495874
"ThisIsOurMusic",11448,0.000304781223495874
"HeroesofNewerth",11437,0.000304488369420188
"mashups",11434,0.000304408500126819
"redditgetsdrawn",11429,0.000304275384637871
"childfree",11404,0.00030360980719313
"hardware",11401,0.000303529937899761
"stopdrinking",11400,0.000303503314801971
"Jazz",11393,0.000303316953117444
"ClopClop",11361,0.000302465013988175
"Magicdeckbuilding",11312,0.000301160482196482
"Bioshock",11310,0.000301107236000903
"RotMG",11245,0.000299376734644576
"wiiu",11205,0.00029831181073299
"asktransgender",11152,0.000296900786550139
"HIMYM",11145,0.000296714424865611
"entertainment",11116,0.000295942355029712
"TumblrInAction",11062,0.000294504707749071
"mylittleandysonic1",11018,0.000293333291446326
"Design",11000,0.000292854075686112
"philadelphia",10965,0.000291922267263475
"google",10957,0.000291709282481158
"pornvids",10957,0.000291709282481158
"bjj",10943,0.000291336559112103
"see",10924,0.000290830720254099
"frugalmalefashion",10893,0.00029000540422262
"zombies",10844,0.000288700872430928
"AlbumArtPorn",10810,0.00028779568710608
"explainlikeIAmA",10769,0.000286704140096704
"television",10743,0.000286011939554173
"ABraThatFits",10738,0.000285878824065225
"SNSD",10728,0.000285612593087329
"poppunkers",10728,0.000285612593087329
"MRSelfPostCopies",10680,0.000284334684393426
"dvdcollection",10613,0.000282550936841519
"Cyberpunk",10599,0.000282178213472464
"spiders",10596,0.000282098344179095
"creepy",10585,0.000281805490103409
"business",10574,0.000281512636027723
"Coffee",10534,0.000280447712116137
"Showerthoughts",10529,0.000280314596627189
"montreal",10519,0.000280048365649293
"ShouldIbuythisgame",10512,0.000279862003964765
"CanadaPolitics",10488,0.000279223049617813
"education",10483,0.000279089934128865
"ClashOfClans",10439,0.000277918517826121
"bondr",10360,0.000275815293100739
